{
	"partitions" : [
		{
			"name" : "Top",
			"pins" : [
				{
					"name" : "w_send",
					"strict" : false
				},
				{
					"name" : "o_Done",
					"strict" : false
				},
				{
					"name" : "w_1e0_BCD[3]",
					"strict" : false
				},
				{
					"name" : "w_1e0_BCD[2]",
					"strict" : false
				},
				{
					"name" : "w_1e0_BCD[1]",
					"strict" : false
				},
				{
					"name" : "w_1e0_BCD[0]",
					"strict" : false
				},
				{
					"name" : "w_1e1_BCD[3]",
					"strict" : false
				},
				{
					"name" : "w_1e1_BCD[2]",
					"strict" : false
				},
				{
					"name" : "w_1e1_BCD[1]",
					"strict" : false
				},
				{
					"name" : "w_1e1_BCD[0]",
					"strict" : false
				},
				{
					"name" : "w_1e2_BCD[3]",
					"strict" : false
				},
				{
					"name" : "w_1e2_BCD[2]",
					"strict" : false
				},
				{
					"name" : "w_1e2_BCD[1]",
					"strict" : false
				},
				{
					"name" : "w_1e2_BCD[0]",
					"strict" : false
				},
				{
					"name" : "w_1e3_BCD[3]",
					"strict" : false
				},
				{
					"name" : "w_1e3_BCD[2]",
					"strict" : false
				},
				{
					"name" : "w_1e3_BCD[1]",
					"strict" : false
				},
				{
					"name" : "w_1e3_BCD[0]",
					"strict" : false
				},
				{
					"name" : "o_1e0_SEG[6]",
					"strict" : false
				},
				{
					"name" : "o_1e0_SEG[5]",
					"strict" : false
				},
				{
					"name" : "o_1e0_SEG[4]",
					"strict" : false
				},
				{
					"name" : "o_1e0_SEG[3]",
					"strict" : false
				},
				{
					"name" : "o_1e0_SEG[2]",
					"strict" : false
				},
				{
					"name" : "o_1e0_SEG[1]",
					"strict" : false
				},
				{
					"name" : "o_1e0_SEG[0]",
					"strict" : false
				},
				{
					"name" : "o_1e1_SEG[6]",
					"strict" : false
				},
				{
					"name" : "o_1e1_SEG[5]",
					"strict" : false
				},
				{
					"name" : "o_1e1_SEG[4]",
					"strict" : false
				},
				{
					"name" : "o_1e1_SEG[3]",
					"strict" : false
				},
				{
					"name" : "o_1e1_SEG[2]",
					"strict" : false
				},
				{
					"name" : "o_1e1_SEG[1]",
					"strict" : false
				},
				{
					"name" : "o_1e1_SEG[0]",
					"strict" : false
				},
				{
					"name" : "o_1e2_SEG[6]",
					"strict" : false
				},
				{
					"name" : "o_1e2_SEG[5]",
					"strict" : false
				},
				{
					"name" : "o_1e2_SEG[4]",
					"strict" : false
				},
				{
					"name" : "o_1e2_SEG[3]",
					"strict" : false
				},
				{
					"name" : "o_1e2_SEG[2]",
					"strict" : false
				},
				{
					"name" : "o_1e2_SEG[1]",
					"strict" : false
				},
				{
					"name" : "o_1e2_SEG[0]",
					"strict" : false
				},
				{
					"name" : "o_1e3_SEG[6]",
					"strict" : false
				},
				{
					"name" : "o_1e3_SEG[5]",
					"strict" : false
				},
				{
					"name" : "o_1e3_SEG[4]",
					"strict" : false
				},
				{
					"name" : "o_1e3_SEG[3]",
					"strict" : false
				},
				{
					"name" : "o_1e3_SEG[2]",
					"strict" : false
				},
				{
					"name" : "o_1e3_SEG[1]",
					"strict" : false
				},
				{
					"name" : "o_1e3_SEG[0]",
					"strict" : false
				},
				{
					"name" : "o_A[7]",
					"strict" : false
				},
				{
					"name" : "o_A[6]",
					"strict" : false
				},
				{
					"name" : "o_A[5]",
					"strict" : false
				},
				{
					"name" : "o_A[4]",
					"strict" : false
				},
				{
					"name" : "o_A[3]",
					"strict" : false
				},
				{
					"name" : "o_A[2]",
					"strict" : false
				},
				{
					"name" : "o_A[1]",
					"strict" : false
				},
				{
					"name" : "o_A[0]",
					"strict" : false
				},
				{
					"name" : "o_C[7]",
					"strict" : false
				},
				{
					"name" : "o_C[6]",
					"strict" : false
				},
				{
					"name" : "o_C[5]",
					"strict" : false
				},
				{
					"name" : "o_C[4]",
					"strict" : false
				},
				{
					"name" : "o_C[3]",
					"strict" : false
				},
				{
					"name" : "o_C[2]",
					"strict" : false
				},
				{
					"name" : "o_C[1]",
					"strict" : false
				},
				{
					"name" : "o_C[0]",
					"strict" : false
				},
				{
					"name" : "i_CLK",
					"strict" : false
				},
				{
					"name" : "START",
					"strict" : false
				},
				{
					"name" : "EQUAL",
					"strict" : false
				},
				{
					"name" : "i_ON",
					"strict" : false
				},
				{
					"name" : "i_REC",
					"strict" : false
				},
				{
					"name" : "A[6]",
					"strict" : false
				},
				{
					"name" : "A[4]",
					"strict" : false
				},
				{
					"name" : "A[2]",
					"strict" : false
				},
				{
					"name" : "A[1]",
					"strict" : false
				},
				{
					"name" : "A[3]",
					"strict" : false
				},
				{
					"name" : "A[5]",
					"strict" : false
				},
				{
					"name" : "A[7]",
					"strict" : false
				},
				{
					"name" : "A[9]",
					"strict" : false
				},
				{
					"name" : "A[8]",
					"strict" : false
				},
				{
					"name" : "A[0]",
					"strict" : false
				}
			]
		}
	]
}